[
   {
      "ID":158,
      "Status":0,
      "CountdownTimer": 0,
      "Timer": 99999,
      "TokensReward": 5,
      "Modifier": 0
   },
   {
      "ID":257,
      "Status":0,
      "CountdownTimer": 0,
      "Timer": 99999,
      "TokensReward": 5,
      "Modifier": 1
   },
   {
      "ID":500,
      "Status":0,
      "CountdownTimer": 0,
      "Timer": 99999,
      "TokensReward": 5,
      "Modifier": 7
   },
   {
      "ID":66,
      "Status":0,
      "CountdownTimer": 0,
      "Timer": 99999,
      "TokensReward": 5,
      "Modifier": 7
   }
]